Array Size, Bubble Sort, Selection Sort, Insertion Sort, Merge Sort, Quick Sort, Heap Sort
100, 0.000020, 0.000018, 0.000002, 0.000011, 0.000037, 0.000013
1000, 0.001664, 0.001445, 0.000005, 0.000135, 0.002133, 0.000188
10000, 0.122366, 0.127454, 0.000054, 0.001067, 0.320251, 0.002681
