Array Size, Bubble Sort, Selection Sort, Insertion Sort, Merge Sort, Quick Sort, Heap Sort
100, 0.000038, 0.000022, 0.000014, 0.000016, 0.000009, 0.000016
1000, 0.002916, 0.001401, 0.000714, 0.000139, 0.000090, 0.000202
10000, 0.216120, 0.130521, 0.076693, 0.001642, 0.001424, 0.002905
