Array Size, Bubble Sort, Selection Sort, Insertion Sort, Merge Sort, Quick Sort, Heap Sort
100, 0.000079, 0.000066, 0.000050, 0.000040, 0.000034, 0.000035
1000, 0.004552, 0.003253, 0.001822, 0.000766, 0.000305, 0.000230
10000, 0.175458, 0.129009, 0.071901, 0.026351, 0.006312, 0.002408
