Array Size, Bubble Sort, Selection Sort, Insertion Sort, Merge Sort, Quick Sort, Heap Sort
100, 0.000065, 0.000042, 0.000029, 0.000041, 0.000061, 0.000067
1000, 0.004148, 0.002410, 0.000957, 0.000738, 0.001040, 0.000880
10000, 0.199774, 0.126070, 0.057365, 0.056282, 0.084091, 0.068639
