Array Size, Bubble Sort, Selection Sort, Insertion Sort, Merge Sort, Quick Sort, Heap Sort
100, 0.000064, 0.000060, 0.000058, 0.000060, 0.000064, 0.000056
1000, 0.007146, 0.004917, 0.002974, 0.001744, 0.001274, 0.000925
10000, 0.184671, 0.148109, 0.108309, 0.084282, 0.082328, 0.061587
