Array Size, Bubble Sort, Selection Sort, Insertion Sort, Merge Sort, Quick Sort, Heap Sort
100, 0.000042, 0.000035, 0.000027, 0.000035, 0.000047, 0.000046
1000, 0.004122, 0.002989, 0.001474, 0.001094, 0.001464, 0.001229
10000, 0.117840, 0.089027, 0.049782, 0.057078, 0.086677, 0.070839
